0,1,NaN
0.0050125313283208,1,-340647.919622473
0.0100250626566416,1,-258643.271078089
0.0150375939849624,1,-258353.414043499
0.0200501253132832,1,-258057.770742769
0.025062656641604,1,-258075.9229021
0.0300751879699248,1,-258022.639104023
0.0350877192982456,1,-257989.755418645
0.0401002506265664,1,-257946.325677397
0.0451127819548872,1,-257899.420949877
0.050125313283208,1,-257847.070212034
0.0551378446115288,1,-257789.282495322
0.0601503759398496,1,-257726.415828939
0.0651629072681704,1,-257657.891662852
0.0701754385964912,1,-257584.255558252
0.075187969924812,1,-257504.8671106
0.0802005012531328,1,-257420.290843941
0.0852130325814536,1,-257329.86509919
0.0902255639097744,1,-257234.161251127
0.0952380952380952,1,-257132.498159411
0.100250626566416,1,-257025.454113132
0.105263157894737,1,-256912.327243944
0.110275689223058,1,-256793.703651359
0.115288220551378,1,-256668.859323969
0.120300751879699,1,-256538.388991078
0.12531328320802,1,-256401.545165968
0.130325814536341,1,-256258.931844114
0.135338345864662,1,-256109.776870201
0.140350877192982,1,-255954.693905105
0.145363408521303,1,-255792.885122524
0.150375939849624,1,-255624.973947508
0.155388471177945,1,-255450.136136919
0.160401002506266,1,-255269.004760045
0.165413533834586,1,-255080.728266381
0.170426065162907,1,-254885.949881105
0.175438596491228,1,-254683.788256716
0.180451127819549,1,-254474.898808027
0.18546365914787,1,-254258.367115672
0.19047619047619,1,-254034.863046469
0.195488721804511,1,-253803.435565869
0.200501253132832,1,-253564.771385174
0.205513784461153,1,-253317.879047605
0.210526315789474,1,-253063.464660519
0.215538847117794,1,-252800.492232881
0.220551378446115,1,-252529.690012071
0.225563909774436,1,-252249.97301905
0.230576441102757,1,-251962.094584965
0.235588972431078,1,-251664.916141784
0.240601503759398,1,-251359.218630452
0.245614035087719,1,-251043.805649778
0.25062656641604,1,-250719.487950608
0.255639097744361,1,-250385.007015887
0.260651629072682,1,-250041.205628739
0.265664160401002,1,-249686.758565993
0.270676691729323,1,-249322.542979956
0.275689223057644,1,-248947.162013416
0.280701754385965,1,-248561.529651767
0.285714285714286,1,-248164.172105281
0.290726817042607,1,-247756.042796784
0.295739348370927,1,-247335.585299662
0.300751879699248,1,-246903.795233327
0.305764411027569,1,-246459.02738576
0.31077694235589,1,-246002.322502337
0.315789473684211,1,-245531.939951712
0.320802005012531,1,-245048.968721326
0.325814536340852,1,-244551.565596929
0.330827067669173,1,-244040.871128721
0.335839598997494,1,-243514.931778688
0.340852130325815,1,-242974.943204171
0.345864661654135,1,-242418.8331746
0.350877192982456,1,-241847.856243307
0.355889724310777,1,-241259.812436343
0.360902255639098,1,-240656.019258766
0.365914786967419,1,-240034.139203421
0.370927318295739,1,-239395.557074029
0.37593984962406,1,-238737.787241543
0.380952380952381,1,-238062.286472895
0.385964912280702,1,-237366.409567604
0.390977443609023,1,-236651.69026675
0.395989974937343,1,-235915.311424484
0.401002506265664,1,-235158.88914482
0.406015037593985,1,-234379.420974259
0.411027568922306,1,-233578.611180932
0.416040100250627,1,-232753.257590368
0.421052631578947,1,-231905.158886288
0.426065162907268,1,-231030.8976496
0.431077694235589,1,-230132.37372346
0.43609022556391,1,-229205.937756984
0.441102756892231,1,-228253.598035692
0.446115288220551,1,-227271.455383405
0.451127819548872,1,-226261.634402303
0.456140350877193,1,-225219.966963182
0.461152882205514,1,-224148.702509571
0.466165413533835,1,-223043.383591344
0.471177944862155,1,-221906.393735273
0.476190476190476,1,-220732.964586372
0.481203007518797,1,-219525.623790491
0.486215538847118,1,-218279.269352745
0.491228070175439,1,-216996.58395605
0.496240601503759,1,-215672.108198904
0.50125313283208,1,-214308.691704179
0.506265664160401,1,-212900.493055504
0.511278195488722,1,-211450.54182369
0.516290726817043,1,-209952.589409541
0.521303258145363,1,-208409.859586306
0.526315789473684,1,-206815.671242477
0.531328320802005,1,-205173.458021755
0.536340852130326,1,-203476.08135342
0.541353383458647,1,-201727.202030717
0.546365914786967,1,-199919.200184081
0.551378446115288,1,-198055.982879356
0.556390977443609,1,-196129.427160377
0.56140350877193,1,-194143.707605839
0.566416040100251,1,-192090.179644717
0.571428571428571,1,-189973.309042133
0.576441102756892,1,-187783.915859233
0.581453634085213,1,-185526.783514
0.586466165413534,1,-183192.189589564
0.591478696741855,1,-180785.264812229
0.596491228070175,1,-178295.746075201
0.601503759398496,1,-175729.144674583
0.606516290726817,1,-173074.670164062
0.611528822055138,1,-170338.251682497
0.616541353383459,1,-167508.599422317
0.621553884711779,1,-164592.101988181
0.6265664160401,1,-161577.016233188
0.631578947368421,1,-158470.236384511
0.636591478696742,1,-155259.633672638
0.641604010025063,1,-151952.658534869
0.646616541353383,1,-148536.889674483
0.651629072681704,1,-145020.388184704
0.656641604010025,1,-141390.562118847
0.661654135338346,1,-137656.140246253
0.666666666666667,1,-133804.51330806
0.671679197994987,1,-129845.13505596
0.676691729323308,1,-125765.565091451
0.681704260651629,1,-121576.036125747
0.68671679197995,1,-117264.494998865
0.691729323308271,1,-112841.998787422
0.696741854636591,1,-108297.128758672
0.701754385964912,1,-103641.796127416
0.706766917293233,1,-98865.4857056197
0.711779448621554,1,-93980.9681426557
0.716791979949875,1,-88978.9119520503
0.721804511278195,1,-83872.9178272941
0.726817042606516,1,-78655.1141673632
0.731829573934837,1,-73339.8569814777
0.736842105263158,1,-67920.9881351051
0.741854636591479,1,-62413.4893010714
0.746867167919799,1,-56813.1258354684
0.75187969924812,1,-51135.3139898622
0.756892230576441,1,-45377.8879205347
0.761904761904762,1,-39556.4447484325
0.766917293233083,1,-33670.9494444639
0.771929824561403,1,-27736.8697695119
0.776942355889724,1,-21756.2672578752
0.781954887218045,1,-15744.1280531046
0.786967418546366,1,-10510.1984564892
0.791979949874687,1,-10083.2402084839
0.796992481203007,1,-40214.226932053
0.802005012531328,1,NaN
0.807017543859649,1,NaN
0.81203007518797,1,NaN
0.817042606516291,1,NaN
0.822055137844611,1,NaN
0.827067669172932,1,NaN
0.832080200501253,1,NaN
0.837092731829574,1,NaN
0.842105263157895,1,NaN
0.847117794486215,1,NaN
0.852130325814536,1,NaN
0.857142857142857,1,NaN
0.862155388471178,1,NaN
0.867167919799499,1,NaN
0.87218045112782,1,NaN
0.87719298245614,1,NaN
0.882205513784461,1,NaN
0.887218045112782,1,NaN
0.892230576441103,1,NaN
0.897243107769424,1,NaN
0.902255639097744,1,NaN
0.907268170426065,1,NaN
0.912280701754386,1,NaN
0.917293233082707,1,NaN
0.922305764411028,1,NaN
0.927318295739348,1,NaN
0.932330827067669,1,NaN
0.93734335839599,1,NaN
0.942355889724311,1,NaN
0.947368421052632,1,NaN
0.952380952380952,1,NaN
0.957393483709273,1,NaN
0.962406015037594,1,NaN
0.967418546365915,1,NaN
0.972431077694236,1,NaN
0.977443609022556,1,NaN
0.982456140350877,1,NaN
0.987468671679198,1,NaN
0.992481203007519,1,NaN
0.99749373433584,1,NaN
1.00250626566416,1,NaN
1.00751879699248,1,NaN
1.0125313283208,1,NaN
1.01754385964912,1,NaN
1.02255639097744,1,NaN
1.02756892230576,1,NaN
1.03258145363409,1,NaN
1.03759398496241,1,NaN
1.04260651629073,1,NaN
1.04761904761905,1,NaN
1.05263157894737,1,NaN
1.05764411027569,1,NaN
1.06265664160401,1,NaN
1.06766917293233,1,NaN
1.07268170426065,1,NaN
1.07769423558897,1,NaN
1.08270676691729,1,NaN
1.08771929824561,1,NaN
1.09273182957393,1,NaN
1.09774436090226,1,NaN
1.10275689223058,1,NaN
1.1077694235589,1,NaN
1.11278195488722,1,NaN
1.11779448621554,1,NaN
1.12280701754386,1,NaN
1.12781954887218,1,NaN
1.1328320802005,1,NaN
1.13784461152882,1,NaN
1.14285714285714,1,NaN
1.14786967418546,1,NaN
1.15288220551378,1,NaN
1.15789473684211,1,NaN
1.16290726817043,1,NaN
1.16791979949875,1,NaN
1.17293233082707,1,NaN
1.17794486215539,1,NaN
1.18295739348371,1,NaN
1.18796992481203,1,NaN
1.19298245614035,1,NaN
1.19799498746867,1,NaN
1.20300751879699,1,-40213.3327455731
1.20802005012531,1,-10082.8673644557
1.21303258145363,1,-10509.809123697
1.21804511278195,1,-15743.5451531166
1.22305764411028,1,-21755.4601380609
1.2280701754386,1,-27735.8398888404
1.23308270676692,1,-33669.6959863511
1.23809523809524,1,-39554.9696358863
1.24310776942356,1,-45376.190199545
1.24812030075188,1,-51133.3960207656
1.2531328320802,1,-56810.9864949147
1.25814536340852,1,-62411.1313488777
1.26315789473684,1,-67918.4102453518
1.26817042606516,1,-73337.0622676405
1.27318295739348,1,-78652.1010682634
1.2781954887218,1,-83869.689759513
1.28320802005013,1,-88975.4670887142
1.28822055137845,1,-93977.3101513019
1.29323308270677,1,-98861.6124668386
1.29824561403509,1,-103637.711508515
1.30325814536341,1,-108292.830325228
1.30827067669173,1,-112837.490558436
1.31328320802005,1,-117259.774207199
1.31829573934837,1,-121571.106898556
1.32330827067669,1,-125760.424315896
1.32832080200501,1,-129839.786929286
1.33333333333333,1,-133798.954363064
1.33834586466165,1,-137650.37471803
1.34335839598997,1,-141384.586180869
1.3483709273183,1,-145014.20608358
1.35338345864662,1,-148530.497222359
1.35839598997494,1,-151946.059969202
1.36340852130326,1,-155252.824444434
1.36842105263158,1,-158463.220706583
1.3734335839599,1,-161569.789196987
1.37844611528822,1,-164584.667771129
1.38345864661654,1,-167500.952758605
1.38847117794486,1,-170330.396707549
1.39348370927318,1,-173066.601257229
1.3984962406015,1,-175720.865926273
1.40350877192982,1,-178287.251511947
1.40852130325815,1,-180776.558479468
1.41353383458647,1,-183183.265162222
1.41854636591479,1,-185517.644995188
1.42355889724311,1,-187774.556572411
1.42857142857143,1,-189963.732952881
1.43358395989975,1,-192080.379723853
1.43859649122807,1,-194133.687788025
1.44360902255639,1,-196119.180061145
1.44862155388471,1,-198045.512410513
1.45363408521303,1,-199908.498601719
1.45864661654135,1,-201716.273233072
1.46365914786967,1,-203464.917231365
1.468671679198,1,-205162.062470189
1.47368421052632,1,-206804.035779723
1.47869674185464,1,-208397.988114978
1.48370927318296,1,-209940.473066519
1.48872180451128,1,-211438.184530913
1.4937343358396,1,-212887.885557983
1.49874686716792,1,-214295.837955297
1.50375939849624,1,-215658.998539922
1.50877192982456,1,-216983.222384237
1.51378446115288,1,-218265.645792355
1.5187969924812,1,-219511.742295374
1.52380952380952,1,-220718.814649179
1.52882205513784,1,-221891.979479252
1.53383458646617,1,-223028.694061672
1.53884711779449,1,-224133.741911845
1.54385964912281,1,-225204.723878114
1.54887218045113,1,-226246.113130664
1.55388471177945,1,-227255.644023313
1.55889724310777,1,-228237.500995924
1.56390977443609,1,-229189.542633874
1.56892230576441,1,-230115.685046403
1.57393483709273,1,-231013.902493049
1.57894736842105,1,-231887.861912669
1.58395989974937,1,-232735.645331198
1.58897243107769,1,-233560.688443799
1.59398496240601,1,-234361.173725901
1.59899749373434,1,-235140.322349709
1.60401002506266,1,-235896.410461908
1.60902255639098,1,-236632.460269405
1.6140350877193,1,-237346.835303968
1.61904761904762,1,-238042.373254691
1.62406015037594,1,-238717.519202407
1.62907268170426,1,-239374.939714936
1.63408521303258,1,-240013.155998502
1.6390977443609,1,-240634.675907837
1.64411027568922,1,-241238.091728801
1.64912280701754,1,-241825.764086669
1.65413533834586,1,-242396.351647785
1.65914786967419,1,-242952.078430425
1.66416040100251,1,-243491.665100201
1.66917293233083,1,-244017.208891621
1.67418546365915,1,-244527.488379993
1.67919799498747,1,-245024.483099707
1.68421052631579,1,-245507.025713684
1.68922305764411,1,-245976.9864572
1.69423558897243,1,-246433.248503799
1.69924812030075,1,-246877.580561859
1.70426065162907,1,-247308.912963172
1.70927318295739,1,-247728.920083293
1.71428571428571,1,-248136.576265291
1.71929824561404,1,-248533.468215279
1.72431077694236,1,-248918.6113285
1.72932330827068,1,-249293.510818412
1.734335839599,1,-249657.22034468
1.73934837092732,1,-250011.169359506
1.74436090225564,1,-250354.447155338
1.74937343358396,1,-250688.412747207
1.75438596491228,1,-251012.18857053
1.7593984962406,1,-251327.068155204
1.76441102756892,1,-251632.204718357
1.76942355889724,1,-251928.830917463
1.77443609022556,1,-252216.128506094
1.77944862155388,1,-252495.273572855
1.78446115288221,1,-252765.474187988
1.78947368421053,1,-253027.854130271
1.79448621553885,1,-253281.645249771
1.79949874686717,1,-253527.92361857
1.80451127819549,1,-253765.941923651
1.80952380952381,1,-253996.73298069
1.81453634085213,1,-254219.567572651
1.81954887218045,1,-254435.439365499
1.82456140350877,1,-254643.634691203
1.82957393483709,1,-254845.111865992
1.83458646616541,1,-255039.170384716
1.83959899749373,1,-255226.736748269
1.84461152882206,1,-255407.12136004
1.84962406015038,1,-255581.222168935
1.8546365914787,1,-255748.358465208
1.85964912280702,1,-255909.402110095
1.86466165413534,1,-256063.680812621
1.86967418546366,1,-256212.041178393
1.87468671679198,1,-256353.819516908
1.8796992481203,1,-256489.837857522
1.88471177944862,1,-256619.441075165
1.88972431077694,1,-256743.427559545
1.89473684210526,1,-256861.150414906
1.89974937343358,1,-256973.385519164
1.9047619047619,1,-257079.493631989
1.90977443609023,1,-257180.229387124
1.91478696741855,1,-257274.960439886
1.91979949874687,1,-257364.421538946
1.92481203007519,1,-257447.986364447
1.92982456140351,1,-257526.371081903
1.93483709273183,1,-257598.954915633
1.93984962406015,1,-257666.435154017
1.94486215538847,1,-257728.202562954
1.94987468671679,1,-257784.914472395
1.95488721804511,1,-257836.062971869
1.95989974937343,1,-257881.984454132
1.96491228070175,1,-257923.419084373
1.96992481203008,1,-257956.914333467
1.9749373433584,1,-257998.733376936
1.97994987468672,1,-258000.006380946
1.98496240601504,1,-258166.802263736
1.98997493734336,1,-257921.079764691
1.99498746867168,1,-256886.764010722
2,1,-91250.7583424766
