0,0.5,NaN
0.0050125313283208,0.5,-371731.710852419
0.0100250626566416,0.5,-268392.567522322
0.0150375939849624,0.5,-272932.192107509
0.0200501253132832,0.5,-274629.355476703
0.025062656641604,0.5,-275239.341895396
0.0300751879699248,0.5,-275312.515955699
0.0350877192982456,0.5,-275418.83509853
0.0401002506265664,0.5,-275380.770033386
0.0451127819548872,0.5,-275453.000786679
0.050125313283208,0.5,-275409.733043904
0.0551378446115288,0.5,-275481.948208369
0.0601503759398496,0.5,-275441.008512361
0.0651629072681704,0.5,-275515.672692278
0.0701754385964912,0.5,-275477.710962148
0.075187969924812,0.5,-275555.08458194
0.0802005012531328,0.5,-275520.200236098
0.0852130325814536,0.5,-275600.40637163
0.0902255639097744,0.5,-275568.658373914
0.0952380952380952,0.5,-275651.817573244
0.100250626566416,0.5,-275623.275815238
0.105263157894737,0.5,-275709.51738979
0.110275689223058,0.5,-275684.265318818
0.115288220551378,0.5,-275773.728310173
0.120300751879699,0.5,-275751.863523268
0.12531328320802,0.5,-275844.696943392
0.130325814536341,0.5,-275826.331677601
0.135338345864662,0.5,-275922.694716063
0.140350877192982,0.5,-275907.956371559
0.145363408521303,0.5,-276008.018619408
0.150375939849624,0.5,-275997.05032594
0.155388471177945,0.5,-276100.992018486
0.160401002506266,0.5,-276093.953245894
0.165413533834586,0.5,-276201.965523375
0.170426065162907,0.5,-276199.032736335
0.175438596491228,0.5,-276311.31792081
0.180451127819549,0.5,-276312.68527741
0.18546365914787,0.5,-276429.457163783
0.19047619047619,0.5,-276435.337256852
0.195488721804511,0.5,-276556.821415529
0.200501253132832,0.5,-276567.446055616
0.205513784461153,0.5,-276693.880144081
0.210526315789474,0.5,-276709.501181742
0.215538847117794,0.5,-276841.135261297
0.220551378446115,0.5,-276862.025446003
0.225563909774436,0.5,-276999.122300222
0.230576441102757,0.5,-277025.576172375
0.235588972431078,0.5,-277168.411622155
0.240601503759398,0.5,-277200.746433405
0.245614035087719,0.5,-277349.609643648
0.25062656641604,0.5,-277388.166299743
0.255639097744361,0.5,-277543.360071476
0.260651629072682,0.5,-277588.504090598
0.265664160401002,0.5,-277750.345131746
0.270676691729323,0.5,-277802.467609545
0.275689223057644,0.5,-277971.286776351
0.280701754385965,0.5,-278030.790963594
0.285714285714286,0.5,-278206.947847362
0.290726817042607,0.5,-278274.24280121
0.295739348370927,0.5,-278458.133176765
0.300751879699248,0.5,-278533.6528084
0.305764411027569,0.5,-278725.690595085
0.31077694235589,0.5,-278809.894369391
0.315789473684211,0.5,-279010.511818232
0.320802005012531,0.5,-279103.885269177
0.325814536340852,0.5,-279313.533177401
0.330827067669173,0.5,-279416.588332104
0.335839598997494,0.5,-279635.736151295
0.340852130325815,0.5,-279749.011838995
0.345864661654135,0.5,-279978.147654184
0.350877192982456,0.5,-280102.209673069
0.355889724310777,0.5,-280341.840026653
0.360902255639098,0.5,-280477.281137151
0.365914786967419,0.5,-280727.930668524
0.370927318295739,0.5,-280875.370377992
0.37593984962406,0.5,-281137.581245645
0.380952380952381,0.5,-281297.665344238
0.385964912280702,0.5,-281571.996393282
0.390977443609023,0.5,-281745.39619596
0.395989974937343,0.5,-282032.421829422
0.401002506265664,0.5,-282219.833073799
0.406015037593985,0.5,-282520.141781848
0.411027568922306,0.5,-282722.283125422
0.416040100250627,0.5,-283036.475621546
0.421052631578947,0.5,-283254.086676363
0.426065162907268,0.5,-283582.773584775
0.431077694235589,0.5,-283816.612421219
0.43609022556391,0.5,-284160.411455242
0.441102756892231,0.5,-284411.251500821
0.446115288220551,0.5,-284770.784067124
0.451127819548872,0.5,-285039.410320383
0.456140350877193,0.5,-285415.297480247
0.461152882205514,0.5,-285702.501954931
0.466165413533835,0.5,-286095.359670386
0.471177944862155,0.5,-286401.935980923
0.476190476190476,0.5,-286812.369571768
0.481203007518797,0.5,-287139.106568717
0.486215538847118,0.5,-287567.704306462
0.491228070175439,0.5,-287915.378670299
0.496240601503759,0.5,-288362.704436959
0.50125313283208,0.5,-288732.072141217
0.506265664160401,0.5,-289198.65708693
0.511278195488722,0.5,-289590.443648226
0.516290726817043,0.5,-290076.776790505
0.521303258145363,0.5,-290491.666234506
0.526315789473684,0.5,-290998.183956976
0.531328320802005,0.5,-291436.806446832
0.536340852130326,0.5,-291963.880875192
0.541353383458647,0.5,-292426.798973785
0.546365914786967,0.5,-292974.725235099
0.551378446115288,0.5,-293462.418806234
0.556390977443609,0.5,-294031.401213059
0.56140350877193,0.5,-294544.251009898
0.566416040100251,0.5,-295134.388256247
0.571428571428571,0.5,-295672.658300084
0.576441102756892,0.5,-296283.927811348
0.581453634085213,0.5,-296847.746729889
0.586466165413534,0.5,-297479.988374101
0.591478696741855,0.5,-298069.329946656
0.596491228070175,0.5,-298722.229390055
0.601503759398496,0.5,-299336.892636724
0.606516290726817,0.5,-300009.964710265
0.611528822055138,0.5,-300649.553961013
0.616541353383459,0.5,-301342.12649474
0.621553884711779,0.5,-302006.031979982
0.6265664160401,0.5,-302717.230654668
0.631578947368421,0.5,-303404.61026583
0.636591478696742,0.5,-304133.345120562
0.641604010025063,0.5,-304843.108090797
0.646616541353383,0.5,-305588.062404083
0.651629072681704,0.5,-306318.855747091
0.656641604010025,0.5,-307078.478068706
0.661654135338346,0.5,-307828.676676836
0.666666666666667,0.5,-308601.17681781
0.671679197994987,0.5,-309368.878147369
0.676691729323308,0.5,-310152.227924875
0.681704260651629,0.5,-310935.252175075
0.68671679197995,0.5,-311727.191648112
0.691729323308271,0.5,-312523.088258368
0.696741854636591,0.5,-313321.138068858
0.701754385964912,0.5,-314127.199208591
0.706766917293233,0.5,-314928.679456356
0.711779448621554,0.5,-315741.960957481
0.716791979949875,0.5,-316544.016785891
0.721804511278195,0.5,-317361.366672122
0.726817042606516,0.5,-318161.000430458
0.731829573934837,0.5,-318979.094838993
0.736842105263158,0.5,-319773.204331186
0.741854636591479,0.5,-320588.590219054
0.746867167919799,0.5,-321374.012169615
0.75187969924812,0.5,-322183.155775519
0.756892230576441,0.5,-322956.713269597
0.761904761904762,0.5,-323756.052895431
0.766917293233083,0.5,-324514.605215115
0.771929824561403,0.5,-325300.606536776
0.776942355889724,0.5,-326041.099554531
0.781954887218045,0.5,-326810.311405908
0.786967418546366,0.5,-327529.826538701
0.791979949874687,0.5,-328278.93496771
0.796992481203007,0.5,-328974.734666026
0.802005012531328,0.5,-329700.613058843
0.807017543859649,0.5,-330370.180913948
0.81203007518797,0.5,-331069.934131966
0.817042606516291,0.5,-331711.007930348
0.822055137844611,0.5,-332382.008696168
0.827067669172932,0.5,-332992.605113625
0.832080200501253,0.5,-333632.521294928
0.837092731829574,0.5,-334210.951374514
0.842105263157895,0.5,-334817.763312926
0.847117794486215,0.5,-335362.638370703
0.852130325814536,0.5,-335934.645942723
0.857142857142857,0.5,-336444.874049931
0.862155388471178,0.5,-336980.693682725
0.867167919799499,0.5,-337455.467340276
0.87218045112782,0.5,-337954.019694105
0.87719298245614,0.5,-338392.795711162
0.882205513784461,0.5,-338853.2851475
0.887218045112782,0.5,-339255.758034971
0.892230576441103,0.5,-339677.645292657
0.897243107769424,0.5,-340043.715673411
0.902255639097744,0.5,-340426.685363855
0.907268170426065,0.5,-340756.424984016
0.912280701754386,0.5,-341100.349593691
0.917293233082707,0.5,-341393.964504347
0.922305764411028,0.5,-341698.86657017
0.927318295739348,0.5,-341956.659953956
0.932330827067669,0.5,-342222.673974861
0.93734335839599,0.5,-342445.009939636
0.942355889724311,0.5,-342672.345428112
0.947368421052632,0.5,-342859.614903204
0.952380952380952,0.5,-343048.521787318
0.957393483709273,0.5,-343201.11145784
0.962406015037594,0.5,-343351.848838015
0.967418546365915,0.5,-343470.113857081
0.972431077694236,0.5,-343582.922919775
0.977443609022556,0.5,-343667.163959847
0.982456140350877,0.5,-343742.245663711
0.987468671679198,0.5,-343792.690714044
0.992481203007519,0.5,-343830.188700304
0.99749373433584,0.5,-343846.979890695
1.00250626566416,0.5,-343846.968929645
1.00751879699248,0.5,-343830.154559297
1.0125313283208,0.5,-343792.634727043
1.01754385964912,0.5,-343742.166596943
1.02255639097744,0.5,-343667.063275057
1.02756892230576,0.5,-343582.799355056
1.03258145363409,0.5,-343469.96905313
1.03759398496241,0.5,-343351.681452496
1.04260651629073,0.5,-343200.923360894
1.04761904761905,0.5,-343048.311503944
1.05263157894737,0.5,-342859.384582611
1.05764411027569,0.5,-342672.093410527
1.06265664160401,0.5,-342444.738701901
1.06766917293233,0.5,-342222.381620583
1.07268170426065,0.5,-341956.349334915
1.07769423558897,0.5,-341698.535501804
1.08270676691729,0.5,-341393.616259234
1.08771929824561,0.5,-341099.981647942
1.09273182957393,0.5,-340756.041075239
1.09774436090226,0.5,-340426.282578123
1.10275689223058,0.5,-340043.298255799
1.1077694235589,0.5,-339677.209888978
1.11278195488722,0.5,-339255.3094383
1.11779448621554,0.5,-338852.819513716
1.12280701754386,0.5,-338392.318419867
1.12781954887218,0.5,-337953.526362154
1.1328320802005,0.5,-337454.963970313
1.13784461152882,0.5,-336980.175304088
1.14285714285714,0.5,-336444.347322819
1.14786967418546,0.5,-335934.105261111
1.15288220551378,0.5,-335362.091084989
1.15789473684211,0.5,-334817.203134499
1.16290726817043,0.5,-334210.386374893
1.16791979949875,0.5,-333631.944456341
1.17293233082707,0.5,-332992.025258213
1.17794486215539,0.5,-332381.418031015
1.18295739348371,0.5,-331710.416056587
1.18796992481203,0.5,-331069.332436122
1.19298245614035,0.5,-330369.579803798
1.19799498746867,0.5,-329700.003055432
1.20300751879699,0.5,-328974.127011147
1.20802005012531,0.5,-328278.319272386
1.21303258145363,0.5,-327529.214906303
1.21804511278195,0.5,-326809.692493167
1.22305764411028,0.5,-326040.486354694
1.2280701754386,0.5,-325299.986708108
1.23308270676692,0.5,-324513.992670223
1.23809523809524,0.5,-323755.434249834
1.24310776942356,0.5,-322956.103386442
1.24812030075188,0.5,-322182.540182992
1.2531328320802,0.5,-321373.406714752
1.25814536340852,0.5,-320587.979297533
1.26315789473684,0.5,-319772.604809829
1.26817042606516,0.5,-318978.489934989
1.27318295739348,0.5,-318160.408069214
1.2781954887218,0.5,-317360.768845218
1.28320802005013,0.5,-316543.432519335
1.28822055137845,0.5,-315741.370968743
1.29323308270677,0.5,-314928.103917453
1.29824561403509,0.5,-314126.617512709
1.30325814536341,0.5,-313320.571583019
1.30827067669173,0.5,-312522.514999374
1.31328320802005,0.5,-311726.634230631
1.31829573934837,0.5,-310934.687185233
1.32330827067669,0.5,-310151.679281313
1.32832080200501,0.5,-309368.320948896
1.33333333333333,0.5,-308600.636347074
1.33834586466165,0.5,-307828.126486091
1.34335839598997,0.5,-307077.944868232
1.3483709273183,0.5,-306318.311480678
1.35338345864662,0.5,-305587.53527681
1.35839598997494,0.5,-304842.568373257
1.36340852130326,0.5,-304132.822583197
1.36842105263158,0.5,-303404.07343847
1.3734335839599,0.5,-302716.710946955
1.37844611528822,0.5,-302005.496110514
1.38345864661654,0.5,-301341.607589295
1.38847117794486,0.5,-300649.016853662
1.39348370927318,0.5,-300009.444322855
1.3984962406015,0.5,-299336.351842682
1.40350877192982,0.5,-298721.704989956
1.40852130325815,0.5,-298068.782774445
1.41353383458647,0.5,-297479.45719439
1.41854636591479,0.5,-296847.190255769
1.42355889724311,0.5,-296283.386859182
1.42857142857143,0.5,-295672.089378272
1.43358395989975,0.5,-295133.834322865
1.43859649122807,0.5,-294543.666282579
1.44360902255639,0.5,-294030.830883635
1.44862155388471,0.5,-293461.814713462
1.45363408521303,0.5,-292974.134898467
1.45864661654135,0.5,-292426.171763266
1.46365914786967,0.5,-291963.266733537
1.468671679198,0.5,-291436.152183756
1.47368421052632,0.5,-290997.542035601
1.47869674185464,0.5,-290490.980811564
1.48370927318296,0.5,-290076.102947884
1.48872180451128,0.5,-289589.722795958
1.4937343358396,0.5,-289197.947025131
1.49874686716792,0.5,-288731.311438851
1.50375939849624,0.5,-288361.95371276
1.50877192982456,0.5,-287914.573557447
1.51378446115288,0.5,-287566.908343329
1.5187969924812,0.5,-287138.252358035
1.52380952380952,0.5,-286811.523673023
1.52882205513784,0.5,-286401.027872087
1.53383458646617,0.5,-286094.459033741
1.53884711779449,0.5,-285701.53505022
1.54385964912281,0.5,-285414.337214206
1.54887218045113,0.5,-285038.379642126
1.55388471177945,0.5,-284769.759209254
1.55889724310777,0.5,-284410.152011054
1.56390977443609,0.5,-284159.316992966
1.56892230576441,0.5,-283815.439043898
1.57393483709273,0.5,-283581.604478811
1.57894736842105,0.5,-283252.83432247
1.58395989974937,0.5,-283035.22683245
1.58897243107769,0.5,-282720.946721361
1.59398496240601,0.5,-282518.808300036
1.59899749373434,0.5,-282218.407593319
1.60401002506266,0.5,-282030.998708931
1.60902255639098,0.5,-281743.876696192
1.6140350877193,0.5,-281570.478789793
1.61904761904762,0.5,-281296.047005905
1.62406015037594,0.5,-281135.964458993
1.62907268170426,0.5,-280873.648550505
1.63408521303258,0.5,-280726.210190108
1.6390977443609,0.5,-280475.451388566
1.64411027568922,0.5,-280340.011592211
1.64912280701754,0.5,-280100.267845579
1.65413533834586,0.5,-279976.207302007
1.65914786967419,0.5,-279746.954109988
1.66416040100251,0.5,-279633.680286349
1.66917293233083,0.5,-279414.411281124
1.67418546365915,0.5,-279311.358641526
1.67919799498747,0.5,-279101.585951081
1.68421052631579,0.5,-279008.215966687
1.68922305764411,0.5,-278807.470393746
1.69423558897243,0.5,-278723.271379497
1.69924812030075,0.5,-278531.102425277
1.70426065162907,0.5,-278455.589234529
1.70927318295739,0.5,-278271.564993317
1.71428571428571,0.5,-278204.278597509
1.71929824561404,0.5,-278027.985544661
1.72431077694236,0.5,-277968.492521727
1.72932330827068,0.5,-277799.535328944
1.734335839599,0.5,-277747.427167134
1.73934837092732,0.5,-277585.446768831
1.74436090225564,0.5,-277540.320797681
1.74937343358396,0.5,-277384.986937114
1.75438596491228,0.5,-277346.452686352
1.7593984962406,0.5,-277197.449311569
1.76441102756892,0.5,-277165.141955543
1.76942355889724,0.5,-277022.166978607
1.77443609022556,0.5,-276995.746374181
1.77944862155388,0.5,-276858.511400498
1.78446115288221,0.5,-276837.661131423
1.78947368421053,0.5,-276705.891167073
1.79448621553885,0.5,-276690.317603289
1.79949874686717,0.5,-276563.750747104
1.80451127819549,0.5,-276553.182126016
1.80952380952381,0.5,-276431.569252485
1.81453634085213,0.5,-276425.754788038
1.81954887218045,0.5,-276308.859226229
1.82456140350877,0.5,-276307.568250282
1.82957393483709,0.5,-276195.165463463
1.83458646616541,0.5,-276198.186602985
1.83959899749373,0.5,-276090.063872805
1.84461152882206,0.5,-276097.204265796
1.84962406015038,0.5,-275993.160384576
1.8546365914787,0.5,-276004.244936435
1.85964912280702,0.5,-275904.089910462
1.86466165413534,0.5,-275918.960592567
1.86967418546366,0.5,-275822.515358915
1.87468671679198,0.5,-275841.030550014
1.8796992481203,0.5,-275748.126709161
1.88471177944862,0.5,-275770.16058018
1.88972431077694,0.5,-275680.640146119
1.89473684210526,0.5,-275706.082088457
1.89974937343358,0.5,-275619.797257823
1.9047619047619,0.5,-275648.55135442
1.90977443609023,0.5,-275565.364294016
1.91478696741855,0.5,-275597.348827753
1.91979949874687,0.5,-275517.131454621
1.92481203007519,0.5,-275552.278380296
1.92982456140351,0.5,-275474.91176309
1.93483709273183,0.5,-275513.165108617
1.93984962406015,0.5,-275438.533347565
1.94486215538847,0.5,-275479.812475585
1.94987468671679,0.5,-275407.739425665
1.95488721804511,0.5,-275451.637980163
1.95989974937343,0.5,-275380.807163965
1.96491228070175,0.5,-275423.243723649
1.96992481203008,0.5,-275335.397583417
1.9749373433584,0.5,-275319.515390854
1.97994987468672,0.5,-274963.006116136
1.98496240601504,0.5,-274078.105448914
1.98997493734336,0.5,-269987.204571115
1.99498746867168,0.5,-256435.156858935
2,0.5,-111549.178359915
